,peak_load_mw,energy_load_mwh,energy_net_mwh,min_net_mw,vre_surplus_mwh,vre_share_day,max_ramp_1h_mw,max_ramp_3h_mw,month,weekday
2020-01-01,5141.687007199999,104655.3569326,40679.92005058751,-97.63489909396776,97.63489909396776,0.6112963421759084,1339.8200101282018,2700.2525000321148,1,2
2020-01-02,5095.928301,103996.3382904,26233.809629954103,-720.6083929957167,2624.736085854335,0.7477429488267302,1213.3104374113632,2503.8380686413716,1,3
2020-01-03,4993.5376846,102996.1545451,14350.208054473163,-1650.1770109418912,10096.011284281622,0.8606723899755939,1974.1059856543457,4676.655803691743,1,4
2020-01-04,4622.8577164,96244.4859967,38961.078584803065,-626.3027460760222,1081.9929469434487,0.5951863820423027,2288.208631275319,3422.631025169817,1,5
2020-01-05,4645.3493752,94647.8510516,7933.63659691056,-2653.729034853333,16225.577383814969,0.9161773193077009,2129.240128503518,4744.789780481755,1,6
2020-01-06,5147.8499922,104131.5435053,-3377.4025015372063,-2411.5296000238595,15459.598441774153,1.0324340001871317,1609.6427741743082,3096.337112615283,1,0
2020-01-07,5137.3565591999995,104881.614292,-14703.556013882557,-2524.481572936723,19820.531620302427,1.1401919308082589,1715.6140506672118,3120.1347692085387,1,1
2020-01-08,5195.4642892,106814.1399812,-3685.0397968120897,-2688.214720832105,17131.266310903065,1.0344995503166592,1883.931463651213,4321.956777763286,1,2
2020-01-09,5126.943275,105728.57200079999,24824.062848922706,-1036.2533743415224,2888.649268471665,0.7652095135765677,1709.3653612920348,2970.4690778280656,1,3
2020-01-10,4876.1936718,103761.7002737,12047.065999656323,-1836.9295495863544,9510.409383080078,0.8838967945987887,1715.208701348547,3066.2611809529335,1,4
2020-01-11,4671.1403332,97107.2113606,46459.72185433053,723.4930131334199,0.0,0.5215625986642124,995.7835709014084,1815.478431592191,1,5
2020-01-12,4870.0478822000005,96189.3937442,5044.748707051665,-2041.0310989378463,11790.074124325203,0.9475540024665573,1896.3977261934056,3222.1516901343684,1,6
2020-01-13,5287.892050199999,106961.2027235,28891.184251925835,316.24557666224973,0.0,0.7298909930303329,1204.5838953579619,1800.6384539337218,1,0
2020-01-14,5349.1670208,109666.075339,16033.080404681292,-2308.588906608208,13605.903349011392,0.8538009101253984,2803.074678530775,5777.0353326363365,1,1
2020-01-15,5274.5528521999995,107867.2767892,60558.506338863466,522.5596532872469,0.0,0.4385831538399719,1878.1090792847262,3728.465672220653,1,2
2020-01-16,5280.4536356,106358.48001,37296.19703711878,-257.46846642258333,521.3102986636904,0.6493349939411307,1770.1595486087472,3226.2224872710876,1,3
2020-01-17,5069.484923399999,107472.180704,-8678.762986069994,-2773.084439511982,18885.784175779903,1.0807535766857943,2545.6194140167872,3413.826029376476,1,4
2020-01-18,4787.7233582,102165.0466924,49257.33443675839,-130.6186005455511,130.6186005455511,0.5178651013094224,1920.5593846478482,3694.5030520045525,1,5
2020-01-19,4829.61684,99547.50351339999,56016.6160498188,267.5430648326733,0.0,0.43728758559697634,2117.837818925647,3421.408112101912,1,6
2020-01-20,5162.2006014,105910.8322186,47716.435629450934,-758.906724218521,1588.6520824593745,0.549465955182335,1842.311210226112,3492.8154125376295,1,0
2020-01-21,5151.4838134,105073.4859721,48908.6923365096,-272.33030966198567,416.7453452881582,0.5345286978534599,1709.8478436870937,3239.267182304393,1,1
2020-01-22,5070.736430000001,103801.370906,36246.22337578451,-491.3974610285868,864.5436382850567,0.6508117083674338,1752.772655466309,3301.7874148490414,1,2
2020-01-23,5089.7782658,105003.8326672,428.9293622724099,-2551.61125114714,16914.263335520824,0.9959151075596273,2597.9088930052126,4814.981371313958,1,3
2020-01-24,4926.6503414,103902.94594199999,-1366.7867189193385,-2625.9525770009814,16336.0040497784,1.0131544558869612,2470.300024765826,4309.835394458642,1,4
2020-01-25,4706.393289799999,99129.003943,-12168.650162262018,-3240.520350430683,24010.040839255984,1.1227556989199556,2004.85462938224,4297.1369737919995,1,5
2020-01-26,4678.0785892,96537.5179409,-1716.734797472719,-2190.0323525296376,12439.305117958766,1.017783084070213,2314.6864221059864,3443.7565160155023,1,6
2020-01-27,5062.8267278,104381.4150332,-16343.091505845123,-2869.90569775355,22579.65391879589,1.1565708943555417,2078.5951216329386,4132.005257633208,1,0
2020-01-28,4889.4062858,101447.4515992,4063.581084255416,-1543.8448626538975,9800.926932533963,0.9599439806501019,2001.535858266354,3147.875096509887,1,1
2020-01-29,4988.6247202,102718.3358337,-18112.299555790363,-2950.9113301558464,24063.030506682233,1.1763297604929466,1692.62586003453,3558.549974341106,1,2
2020-01-30,5024.6256704,103057.5649958,-1541.228579447169,-2551.1681996202997,15562.702673021911,1.0149550261498026,2334.1172840763325,4428.613888503118,1,3
2020-01-31,4865.3836328,101850.0083629,37379.98725161611,88.40889019444921,0.0,0.6329898460250672,1237.047510051159,2706.0854920903166,1,4
2020-02-01,4523.6338108,94003.7152374,-17880.300419945295,-3217.9287620682812,25015.29903406509,1.190208444153402,2482.9127510572807,3461.9321899447973,2,5
2020-02-02,4421.6416386,91491.82643918,20327.91491994905,-1934.0307459109226,9996.853545351916,0.777817148142056,1586.846806191014,3438.31674879632,2,6
2020-02-03,5010.9125556,101441.87815209999,55307.27748448005,150.5762993754397,0.0,0.4547885105049674,1703.1085724724962,3550.2726112114246,2,0
2020-02-04,4997.380278,102040.98216642,70131.69089112795,1300.9542883775189,0.0,0.31271054627101447,1435.1581260678213,2924.742409145222,2,1
2020-02-05,5006.519708,102199.3072622,51133.2640861907,-609.5194866787815,1039.254671418631,0.4996711283472356,1559.7930974305941,3225.817967967121,2,2
2020-02-06,5003.924704999999,101478.1011758,51064.85760144189,147.56051617020876,0.0,0.49678938598804223,1872.4733507120327,3864.379106892177,2,3
2020-02-07,4798.6832918,99766.35010192,19973.15032475587,-1052.354988186753,6784.146542280132,0.7998007313653195,1477.2585636990357,3208.446414169601,2,4
2020-02-08,4545.3164904000005,93965.93373052,60457.441770745536,710.5312103700508,0.0,0.35660255402635294,1498.9705412854214,3121.705981977959,2,5
2020-02-09,4569.8926836,92551.9243876,65870.39701068896,613.9161865711867,0.0,0.28828711616163644,1461.2273480421404,3130.0158517534737,2,6
2020-02-10,5032.521842,101015.58342312,39461.20858705743,-325.6782356222511,391.85853882643096,0.6093552375798512,1516.1689753128148,3367.023768286018,2,0
2020-02-11,4876.7608482,100146.54680398,53108.31247350787,335.4906245281527,0.0,0.4696940217273947,1457.9573394623167,2953.6434851168474,2,1
2020-02-12,4990.2177254,99801.00093646,55812.59718119504,187.59121048615452,0.0,0.44076114810983635,1434.7645323353622,3280.164478872166,2,2
2020-02-13,5123.8821214,103237.9226089,40977.62527279329,-26.184306813273906,26.184306813273906,0.6030758442512416,1608.7294084137616,3252.9744187555852,2,3
2020-02-14,4932.913390799999,102803.5698249,22822.629331849213,-123.23796660109474,245.97530409477076,0.7779976962792069,1114.8519508440017,1883.7041813509513,2,4
2020-02-15,4681.9573592,96818.0766169,46322.290230831604,-77.20445694003593,77.20445694003593,0.5215532899488952,1467.485099997793,2359.703775194479,2,5
2020-02-16,4626.9664906,94950.8645547,60813.90686065225,806.4731056406517,0.0,0.3595223472070849,1106.068999418474,2780.898921592035,2,6
2020-02-17,5015.125563199999,101546.810598,37675.596016285366,-400.62083539522246,1576.1156639221326,0.6289829705687734,1458.2344333213623,2878.1335294034225,2,0
2020-02-18,5190.5488508,105371.5770217,1380.4753923496696,-2289.2922656880655,14189.105482875275,0.9868989775860963,1620.4257166083657,3403.4752347603508,2,1
2020-02-19,5016.8765102,103975.73606719999,-7395.195041236335,-2371.6875988037154,18463.555367354762,1.0711242384132467,2030.9005120798138,3661.6753048152077,2,2
2020-02-20,4914.0236198,102665.0998157,-10161.08589456898,-3067.2948257790486,23476.567360146408,1.0989731263380615,1423.9902028045844,3110.317479481893,2,3
2020-02-21,4730.2030954,100416.1806164,53493.05915618526,907.0990847809053,0.0,0.46728645893698967,1491.9293316817425,2947.74980692224,2,4
2020-02-22,4465.1018948,93618.2145975,55287.57426204556,652.0304728565202,0.0,0.4094357118457376,1347.5270290277658,2925.1605641963,2,5
2020-02-23,4503.6336341999995,91100.8124075,32645.48153459021,-710.1741385298178,1942.1438901602955,0.6416554290584722,2075.489454826596,3389.898605972129,2,6
2020-02-24,5045.8594248,100354.14705514,8632.999460271623,-1583.4745503910308,10290.34962221573,0.913974661599902,1790.3917669982125,3421.5928105955445,2,0
2020-02-25,4856.3234154,98589.13002474,2473.1318612218,-2003.9552862681003,9668.8986368048,0.9749147612865516,1364.3645328226737,2787.73610632529,2,1
2020-02-26,4788.7409386,98413.91586092,29761.001897860635,-517.6118511714285,987.8940647148479,0.6975935604481044,1293.40013505785,2471.652297029064,2,2
2020-02-27,4805.4807464000005,99089.41660024,26451.838177053716,-2660.3341944865133,11257.231500295351,0.73305082334101,2903.747617822631,4787.586189033205,2,3
2020-02-28,4830.7868516,100385.7207782,68702.89507905365,1525.4491440046972,0.0,0.31561088024808664,944.9092009103965,2153.8457879641815,2,4
2020-02-29,4473.468823,93449.6210669,44047.50987796861,-249.1555921374411,249.1555921374411,0.5286496683979567,1430.2257646856751,3279.2690933680237,2,5
2020-03-01,4493.5731202,89954.32890644,31835.068098007625,-758.1776919298181,2158.9983223002964,0.6460974309405526,2058.1979337192643,3392.293418212129,3,6
2020-03-02,5095.979801199999,99717.23719918,8048.536902252795,-1610.0531781910304,10758.200373787226,0.9192864029498102,1752.8254148983888,3458.5108847955444,3,0
2020-03-03,4871.9917238,97586.36286284,1456.870977035963,-2033.4218106681,10033.122144984802,0.985070957311078,1369.107469962674,2777.5582559252907,3,1
2020-03-04,4796.8514366,97409.46090298,28573.99979126131,-595.3624420714286,1144.824762454848,0.7066609390260247,1292.6160522578502,2480.489307829063,3,2
2020-03-05,4818.35554,98138.7690492,25863.611638728562,-2439.581198191502,11098.210492234724,0.7364587727225076,3148.2601578149893,4979.3486752942745,3,3
2020-03-06,4856.8275402,99628.16754,67342.32521379701,1401.4766364636425,0.0,0.32406339615993085,988.7391479928083,2040.2373280487432,3,4
2020-03-07,4462.2485308000005,92284.45006301999,42678.150850065205,-298.23223573744144,298.23223573744144,0.5375369217574489,1468.5512411198538,3298.434123168024,3,5
2020-03-08,4471.8054342,90503.27756162,7365.191495389201,-1826.0325847004142,10651.656985895057,0.9186196158434755,1615.7609764805188,3115.9295810872704,3,6
2020-03-09,5060.412461,99735.24957495999,28544.86522316932,-18.455552886221994,18.455552886221994,0.7137936151479194,1257.4980224396954,1913.5258282350342,3,0
2020-03-10,4965.3557414,98845.11277358,11443.813836409843,-725.4685565594527,3240.1105909824964,0.8842247885070083,1110.1051586526619,2845.3511763455936,3,1
2020-03-11,4962.448472399999,99649.46448928,-14869.88850942397,-2979.62827685468,21095.941764209812,1.1492219610575392,1425.2098074472228,2988.971491243799,3,2
2020-03-12,4987.0214404,100472.32714506,-15464.844132078211,-3142.851445569858,26486.91379416343,1.1539214286312924,1797.026273613661,3376.3167829311824,3,3
2020-03-13,5062.0714216,101823.14492584,68491.07579168174,1654.7570286030368,0.0,0.32735257940063367,925.6572899685448,2233.943015979504,3,4
2020-03-14,5000.4488318,101244.4174175,69849.65147267854,1482.8048759659614,0.0,0.31008885966876937,1797.3477871902824,3035.7216676095377,3,5
2020-03-15,4789.174497399999,96239.08489566,54046.0163321017,-191.28118280038052,268.34549620411417,0.43841926187580615,1556.267602473999,3306.915181820383,3,6
2020-03-16,5062.7455062,103200.26713965999,60426.498254881124,598.4227769342019,0.0,0.41447343180704677,1905.5649734483886,3562.152295006505,3,0
2020-03-17,4936.5931278,101716.588092,48668.206168679346,-150.34345220768319,150.34345220768319,0.5215312754625605,1363.7277800533261,2799.784918010507,3,1
2020-03-18,4839.1346182,98799.20195029999,36419.6936290374,-643.7868970813797,1033.315923202823,0.6313766416113565,2408.398642590366,4014.512899797517,3,2
2020-03-19,4873.1392526,98574.75464282,29649.023989200385,-433.99637547874863,659.5551262400595,0.6992229491553701,1765.3730026543276,3615.522215030682,3,3
2020-03-20,4732.9024204,98310.05980844,70734.52955939296,1852.1899534077388,0.0,0.28049550882970425,1012.5979252817415,2195.622537419031,3,4
2020-03-21,4454.7679282,91734.21203444,43806.38442126034,-855.5837202012663,1604.678510649786,0.5224640464038214,1890.3850476976368,3630.9421483901056,3,5
2020-03-22,4599.480506399999,92164.1888427,57789.25710937687,746.3299603878736,0.0,0.37297492838560203,1454.843597656184,2662.9238321146113,3,6
2020-03-23,4992.4793992,100240.58289048,66353.46081105869,1312.4325627026724,0.0,0.33805791129971197,1175.9364566949957,2425.3978604552267,3,0
2020-03-24,5090.469657,101358.27328498,56155.78419948796,1001.3500354124426,0.0,0.44596743433464225,1204.5470438945522,2182.8107587440572,3,1
2020-03-25,4761.4604672,99625.84325562,41116.21721978933,-7.892583642613317,7.892583642613317,0.5872936591934952,1816.3440307860274,3459.8539802674554,3,2
2020-03-26,4765.360009800001,97956.88440594,18922.720308576863,-710.2629892244677,2156.707121185337,0.8068260293971804,992.0511673793571,2082.304130779361,3,3
2020-03-27,4665.523625,96597.43679008,13182.9877341569,-2097.9451812497628,11795.550453401524,0.8635265264563342,1986.011174304314,3673.493149374605,3,4
2020-03-28,4426.8507368,90255.31386384,54388.95697033482,278.7549422797324,0.0,0.39738775877078547,1081.2443062540285,2256.431001972421,3,5
2020-03-29,4395.8195796,88042.99676368,6066.804572241192,-2902.284877864075,21204.015701397082,0.9310927070267114,2968.469268139719,4876.717786970621,3,6
2020-03-30,4872.1541382,97490.98026606,53195.12051870319,1023.8794664805323,0.0,0.45435854297977285,1370.3496269066059,3003.383298318476,3,0
2020-03-31,5033.645416,99607.07246136,62909.029514349706,706.5073647506888,0.0,0.3684280848756633,1408.689678834639,1681.1700833808627,3,1
2020-04-01,5003.5005686,100570.4225603,57905.012336085914,926.3472366348747,0.0,0.42423417480057585,1129.4333367663253,2090.9178648900515,4,2
2020-04-02,4937.1762868,99988.2783392,38748.99870828024,-432.6128314487537,790.1572826824372,0.6124645873306446,1452.142883136225,3166.037777713618,4,3
2020-04-03,4836.2999362,99123.430016,61816.48020449839,740.788243620073,0.0,0.3763686325773807,1003.3043673778607,2052.5523543806303,4,4
2020-04-04,4467.837176200001,91681.52078778,34166.970091300536,-2010.8758028532347,6784.892124634586,0.6273298065115149,2925.083377050413,5182.662615925943,4,5
2020-04-05,4516.1708178,89999.96797092,39248.010071134486,-234.69467825591346,616.90900336717,0.5639108440147894,1555.8751375320599,3075.0830225988925,4,6
2020-04-06,5176.5586201999995,101828.56675124,59957.4599817698,1033.7398370265796,0.0,0.41119214485025946,1738.1575377141585,1871.908475478294,4,0
2020-04-07,5261.172589399999,104111.55571236,75157.32486993025,1773.2472553756975,0.0,0.27810775321064896,955.7925547329633,2026.570297646566,4,1
2020-04-08,5025.4532426,100399.80817199999,48481.18044983599,-163.62189851274024,163.62189851274024,0.5171187940241836,990.0760365898541,2025.2685903447223,4,2
2020-04-09,4922.598372799999,99698.7352826,984.6717733103619,-2544.0866404812896,22555.345601493387,0.9901235279412595,3038.554050765012,5305.891673452529,4,3
2020-04-10,4782.3783536,101005.25953899999,62590.376865591476,960.3664137911187,0.0,0.38032556768566916,1320.2661456945339,2756.5505632458726,4,4
2020-04-11,4560.2323214,93515.57160656,10176.518925655608,-3309.866652180806,17912.988220750398,0.8911783486875278,1707.4720632526974,4419.8664429875125,4,5
2020-04-12,4658.7384796,92248.9145449,33826.406779526864,-1163.5093946845436,5120.895109002117,0.6333137690952162,1511.10683019233,2913.2417177431453,4,6
2020-04-13,4946.634773,100520.06334274,68331.05205495736,1719.4127783961462,0.0,0.3202247413835068,1326.0991778257448,2152.564270408257,4,0
2020-04-14,4932.9212208,100369.71554886,71887.19481036068,1950.006663490335,0.0,0.283776043229235,1197.208929413594,2205.2580339113197,4,1
2020-04-15,5168.92375,103706.3152099,31093.3600329433,-498.7214331559262,861.310575438185,0.7001787213246289,1090.0833316369608,2554.3611237604405,4,2
2020-04-16,5742.453197999999,111209.3454721,26809.665540532573,-1297.1827907710385,5479.405548883615,0.758926145759409,1370.4289886587658,3205.415557856714,4,3
2020-04-17,4872.1705158,102580.8698323,19590.209766237134,-317.92883013073697,972.0163149954378,0.8090266752634935,600.4408788332757,1709.8665447691533,4,4
2020-04-18,4561.611480199999,93531.00855652,26840.109491043117,-170.57576594317698,285.132594414054,0.7130351751224423,1368.8349866016729,2697.283696911224,4,5
2020-04-19,4473.142603599999,90784.48145374,26702.18441689271,-1277.822849244832,5815.277999930149,0.7058728100958639,1189.0200007571366,2806.0693603849213,4,6
2020-04-20,4869.5357994,99105.86177944,26634.41268776243,-951.6883614433509,4637.172759272944,0.7312529026079477,1288.7412427148802,3162.4091176255965,4,0
2020-04-21,5065.5848818,101463.6245515,58851.410256346644,967.4785833760334,0.0,0.419975281619519,1159.6786881728467,2677.859987504625,4,1
2020-04-22,5062.7467834,103237.4493105,57335.57638939744,580.6623731292657,0.0,0.4446242446677147,1065.198486684223,2372.1521950038996,4,2
2020-04-23,5364.0357380000005,107510.0510561,56581.865009025096,42.08108035197847,0.0,0.47370627719728253,1904.723180025736,4150.937659079105,4,3
2020-04-24,5174.3122494,106316.8957604,37065.85414189068,192.06314445288763,0.0,0.6513644056592494,951.5841082769748,2133.4244135228687,4,4
2020-04-25,4767.1804112,98129.88772632,37353.3009985082,83.29463213385225,0.0,0.6193483772988211,1303.3948305086437,2272.418594465843,4,5
2020-04-26,4599.4038576,91970.59871638,-300.7613922241792,-1890.462173420532,12757.84912674927,1.0032701906524677,976.9340042065387,2373.980245586872,4,6
2020-04-27,5104.1065757999995,102207.03766994,33842.58948630559,-1268.1667880902587,4689.036002553192,0.6688820040397375,1176.0409723040634,2390.661370137254,4,0
2020-04-28,5309.7083913999995,105952.9085088,60561.09120393258,430.12956334491537,0.0,0.4284150189335989,1332.2301232277841,2885.527766581,4,1
2020-04-29,5343.6018174,106473.843103,62047.96359338194,882.0266770397848,0.0,0.4172468863234478,1058.7134045639718,2936.123640848148,4,2
2020-04-30,5043.5187858,104521.053353,68870.87086917846,1022.2623560508309,0.0,0.341081354810115,767.9734612307425,1746.3736186380097,4,3
2020-05-01,4722.3933294,99751.80276484,67941.81027372096,1118.3080650283864,0.0,0.3188914045604724,1130.4137446907016,2455.0303393729264,5,4
2020-05-02,4759.3905892,98467.25142054,51383.16711607411,547.8877780516582,0.0,0.47816998672356853,1246.5500770499075,2600.08094311882,5,5
2020-05-03,5027.3659818,100392.96411033999,37023.321586529666,-775.0088120018991,2026.4708548046865,0.6312159730054584,1346.9145141909835,2762.12583434088,5,6
2020-05-04,5732.3736733999995,112923.21499834,33923.285974358885,108.06285275093342,0.0,0.6995897967051543,1322.4312482353553,2963.754858908038,5,0
2020-05-05,5979.426794,115749.3821301,60122.49299341934,389.56415319116377,0.0,0.48058044123429655,1180.3614717405949,2405.472014792431,5,1
2020-05-06,5563.992467399999,112116.08754939999,58801.3336138178,1117.1183871416956,0.0,0.47553170201458317,898.861004634914,2062.2865768995757,5,2
2020-05-07,5315.549257,108546.0742688,48690.8075938862,396.75950135984385,0.0,0.5514272817153215,808.7988583652414,2168.649886590656,5,3
2020-05-08,4989.321892399999,104906.77215132,64548.37145507393,1503.2416187641525,0.0,0.38470729647493257,839.0752332233001,2112.4890821183817,5,4
2020-05-09,4925.5071864,101519.69905194,18206.11733037644,-664.1038007683655,3054.095152429114,0.8206641912811253,896.9612592188619,2167.1530317726597,5,5
2020-05-10,5207.0620492,103101.44626776,-10689.477436123441,-2649.516833993669,20641.655224451642,1.103679219090315,1196.0461186513257,2212.406186055906,5,6
2020-05-11,6061.2060512,116639.7769931,48767.28367040383,546.7694833857922,0.0,0.5818983461080458,1108.7777652662617,2596.449798176557,5,0
2020-05-12,5928.4947680000005,115678.5987872,69818.10280674185,1037.128783552611,0.0,0.39644754052408765,1011.3258902009684,2320.6359976606523,5,1
2020-05-13,6087.7294542,115752.0827996,79384.93106211565,1559.901971468758,0.0,0.3141814026832355,808.8737840550557,1888.8648669119802,5,2
2020-05-14,6330.1103642,118455.22205027999,64526.04822667205,798.1328966424298,0.0,0.45527054772407544,695.0969099531721,1562.5956915145803,5,3
2020-05-15,6603.5782434,122307.836887,57180.30516413587,235.45449372636358,0.0,0.5324886236278984,1007.9253983175181,2224.180634562079,5,4
2020-05-16,6331.1909574,120427.493403,84734.66948385851,1750.1296356559246,0.0,0.2963843463859087,851.5747946191159,2247.1780911923515,5,5
2020-05-17,6326.412574,117794.9205722,84075.69447979378,1538.8202317649962,0.0,0.28625365107945133,980.3824375098648,2129.3212287586825,5,6
2020-05-18,6785.282587600001,127481.12568639999,88587.46012867641,1994.5404112139095,0.0,0.3050935214786298,714.2756529413837,1806.2273617064898,5,0
2020-05-19,6805.836599800001,126135.86963079999,87218.84667860428,1847.7710314873857,0.0,0.30853256148394537,1073.754796752613,2345.49309930365,5,1
2020-05-20,7445.428128799999,134544.271422,103851.00100467548,2640.659815358783,0.0,0.22812766454436884,692.3347589040868,1856.2284680720304,5,2
2020-05-21,7210.4707058,135208.3262342,80454.35973675242,2239.336751504935,0.0,0.4049600200109418,1573.327383492233,1340.0376209900614,5,3
2020-05-22,7320.9998128,135687.8875922,74198.12868569739,1014.5862104480711,0.0,0.45317058138089356,1177.658340743158,3037.319324929578,5,4
2020-05-23,6527.920676,125200.4235904,66637.61022726278,124.86042900142911,0.0,0.4677525177928204,1140.0463059473145,2096.3585008877235,5,5
2020-05-24,6035.0169496,118193.518625,85412.48909713345,2094.0691000339016,0.0,0.2773504834209477,659.0967454318243,1584.902343385067,5,6
2020-05-25,5029.9445242,108538.1478262,62456.11964961284,1292.225761076621,0.0,0.4245698779601196,1782.1538285550182,1872.7204595703565,5,0
2020-05-26,5864.167214,113677.02775116,65542.2991125147,939.6394537362321,0.0,0.42343408858307446,1282.99405254477,2386.6059242365877,5,1
2020-05-27,7097.3833856,127768.287504,73711.55383886899,1375.2005666610567,0.0,0.42308412142910395,1056.7314414096245,2221.994286771891,5,2
2020-05-28,7459.158524,134197.7658426,77137.73208830452,1447.0439664688506,0.0,0.4251936192531027,894.6069894533975,1795.3657751076935,5,3
2020-05-29,6682.21404,127163.0635472,54945.84426225158,-328.4690264576966,368.2324690725309,0.5679103449575438,1349.7751670435714,2178.468656204658,5,4
2020-05-30,4808.448111,103345.24750499999,32085.08540631114,64.37200156545714,0.0,0.6895349696195869,1268.551987803241,2190.2230554649473,5,5
2020-05-31,4681.2993918,97310.96016174,-1964.462525059465,-1739.9702072164,14835.732963798457,1.0201874744817474,1054.4911084299747,2629.699698188416,5,6
2020-06-01,5028.4866494,97975.53583211999,33492.84167345195,-1134.4068895212986,3936.473311934362,0.6581509721892048,1426.3136115645052,2984.226134450738,6,0
2020-06-02,6041.019474199999,112873.48114472,74933.05743501305,1728.349882705607,0.0,0.33613230782757453,1100.610268168598,2852.540881367553,6,1
2020-06-03,6775.9865568,122524.49389386,62215.028899940895,322.0601824077894,0.0,0.49222374300247046,1191.3924321809423,3036.432038171992,6,2
2020-06-04,7299.9612318,129410.899418,70805.52040713096,1497.008917551906,0.0,0.4528627748855404,1480.1901364282212,3521.532418790454,6,3
2020-06-05,7567.2542674,136411.73377599998,81829.67886138285,1792.7937030549037,0.0,0.4001272720735714,1559.0199311922902,3096.5527510928623,6,4
2020-06-06,7572.690832999999,138145.02525099998,88920.39195856536,1032.4616303345915,0.0,0.35632577577800484,1379.6758450275956,2115.700729380973,6,5
2020-06-07,7593.2741386,138247.5184536,55266.920422943644,-443.63751479560415,758.1081583927953,0.6002320978984308,1519.5395802145504,2841.125955315333,6,6
2020-06-08,7831.527460199999,144609.6297514,97530.57196718847,1919.977995340128,0.0,0.3255596315760275,646.4150335263894,1738.727506887295,6,0
2020-06-09,7532.148678,140307.3989144,107473.53107293797,2645.898185230138,0.0,0.23401380180594478,841.5521337215177,2090.8494130670365,6,1
2020-06-10,6499.495339599999,131405.38951039998,89655.34988005809,2327.4439463271656,0.0,0.31771938568043,1005.5923721497365,2014.0148737622408,6,2
2020-06-11,7021.544343999999,132709.7508318,69727.20006568189,966.1067769606989,0.0,0.4745887199045678,1096.1990900164446,3006.9506020310605,6,3
2020-06-12,6913.0935382,131017.3732854,83960.47461941038,1865.0846786947368,0.0,0.3591653342300172,1055.252262046556,2569.0710629535133,6,4
2020-06-13,6270.9633642,120349.4362584,70254.58933120045,330.0437919860765,0.0,0.416244965366035,979.9493062584297,2127.0112251100268,6,5
2020-06-14,6203.4101396,116874.8665687,83900.18774133513,1828.302556853952,0.0,0.28213661153556974,843.4174773676623,2095.776272004133,6,6
2020-06-15,6751.7073032,125492.69172049999,85275.62290600766,2377.306872195938,0.0,0.3204733938137582,1567.759670702213,2603.1828852500294,6,0
2020-06-16,6942.5382826000005,128353.5568236,81812.70577112182,2353.025177301024,0.0,0.3625988418571105,906.5164735432145,1881.1534557227592,6,1
2020-06-17,6593.413407799999,125412.1879436,17337.5663476048,-1052.4450273030034,5570.923697877784,0.8617553315041293,908.8017880939278,2237.1484347857936,6,2
2020-06-18,6699.865171,125488.4527038,30210.689543118282,-1162.8113609240918,2507.620961437184,0.759255223152469,1489.7473551974945,2498.905774906436,6,3
2020-06-19,7225.600916599999,133339.1506186,46754.42687344984,472.04305863711124,0.0,0.6493570968725829,980.8722175324083,1606.0318313664002,6,4
2020-06-20,7306.464672,133388.073097,80667.04335982903,645.2220701806314,0.0,0.3952454557075141,730.3368727167353,1837.1695205910228,6,5
2020-06-21,7382.908407399999,134428.0451882,92190.98140219165,2075.5088035063773,0.0,0.31419830383515746,1577.562440599399,3336.2317541978887,6,6
2020-06-22,7901.8194646,145794.5718708,76161.0487928752,1302.6753552454743,0.0,0.4776139617847538,1040.6894833870933,2562.7116201774406,6,0
2020-06-23,7628.7677926,140935.4624028,89450.0363589839,1799.3761834716802,0.0,0.3653120738105531,1401.667496941889,2924.106423184944,6,1
2020-06-24,7809.5440254000005,140713.1325796,94867.00685282887,1772.3203243843118,0.0,0.3258127005369341,1525.2661538694547,2793.395382647371,6,2
2020-06-25,7967.1430992000005,144363.90760479998,102982.18816846334,2762.1006958876324,0.0,0.2866486514733323,1459.9056709455012,3076.016782663748,6,3
2020-06-26,8046.3171186,146600.1035184,111017.98141861329,2807.3199256390394,0.0,0.24271553188446926,729.4018389973626,1766.8624851610875,6,4
2020-06-27,7600.2258157999995,142007.123969,113249.13067770828,2847.1395845661136,0.0,0.20251091978716193,614.6139857424264,1709.9339858088847,6,5
2020-06-28,7764.961001799999,143778.8771674,109152.03854079322,2397.3552232311313,0.0,0.24083397581614974,656.5675232895046,1746.1707227164006,6,6
2020-06-29,7986.7968332,149744.0608526,114786.18681150954,2991.3630709676045,0.0,0.23345082163559802,813.9813874544507,1728.2719290335735,6,0
2020-06-30,7666.1592258,146625.1222136,110376.97283467295,2929.8650223418626,0.0,0.24721649899886597,1036.7812461963113,2472.0134144565454,6,1
2020-07-01,7910.6162405999985,148331.4415136,103945.11857124078,1449.695506939374,0.0,0.29923745424054,911.9589163681394,2173.70804405227,7,2
2020-07-02,8283.7866332,152120.5636552,109076.94742491501,1690.778373379927,0.0,0.2829572491451494,1337.6211200464154,2044.1406702334643,7,3
2020-07-03,8311.4092156,154584.107367,124066.55018555802,3369.5526537965748,0.0,0.1974171711519469,807.9561865856913,1823.6124046362456,7,4
2020-07-04,8016.8802386,150732.17506819998,114913.08281685883,2838.4562165906473,0.0,0.23763401699162456,1256.2305619812296,2135.6265297231885,7,5
2020-07-05,7549.704779199999,145070.8995412,112546.59121386049,2939.8949760573437,0.0,0.22419595129140724,903.5267127282887,2105.320025003115,7,6
2020-07-06,7288.1959608,144495.7510738,108570.26340352907,2802.15032616995,0.0,0.24862660253533883,657.314158498838,1563.803242271314,7,0
2020-07-07,6606.955701999999,132359.0404046,90547.59460155763,2620.583411339905,0.0,0.31589414425513807,1172.0536532388383,2419.8323326394975,7,1
2020-07-08,7254.4516803999995,136487.7681438,79318.52204480082,2041.5739295195112,0.0,0.41885985005460075,1558.4059790913589,2743.669168513855,7,2
2020-07-09,7399.6168174,141584.1787624,79789.8110337934,2077.1586066201826,0.0,0.4364496673905001,1472.1512539810037,2276.757442618653,7,3
2020-07-10,7406.7274758,141337.2069534,97154.82000494047,1870.1543784820046,0.0,0.31260266069235976,740.763208927905,1560.6941605937427,7,4
2020-07-11,7558.8444156,139345.3841294,108890.76532725099,2601.6583101532556,0.0,0.21855491656521614,678.5798359573482,1467.69171765689,7,5
2020-07-12,7328.0815392,138089.1335032,101071.1630599689,2631.6435208574917,0.0,0.2680730156248918,1013.4301532318068,2706.1350999778474,7,6
2020-07-13,8110.8314046,147527.62622859998,79036.49861905696,962.7552891604619,0.0,0.4642596736655498,1081.772665384473,2535.5621839979303,7,0
2020-07-14,8336.2473052,151092.904279,93107.15322934958,1712.8164140433382,0.0,0.3837754746085035,1548.0482724464996,3706.131113154246,7,1
2020-07-15,8259.350321,151477.7449322,68325.55974861849,1031.0955303743553,0.0,0.5489399463980642,1170.2888667731117,2806.0607466987453,7,2
2020-07-16,8627.666431399999,157197.7672062,95305.24400383396,1344.6991371633972,0.0,0.3937239332488747,1171.5204234781395,2421.0352046060443,7,3
2020-07-17,8902.3542294,161986.4197206,108519.29203643554,2176.3942140609483,0.0,0.33007166759032325,926.4181287619031,1946.2534046129958,7,4
2020-07-18,8570.8915916,159455.5427132,113008.34494338054,2696.172688523967,0.0,0.291286191621199,912.5218814839172,2287.8506361128793,7,5
2020-07-19,8289.3904134,154805.98232439999,116407.63706654595,2348.856247048421,0.0,0.2480417402564541,1386.4705688349277,2588.511529830087,7,6
2020-07-20,8742.49175,164262.7782912,113931.12856887616,2949.0223803308377,0.0,0.3064093414583396,1296.6618228666212,3094.836805799688,7,0
2020-07-21,8732.2503732,161995.09898,115250.48705603793,2684.7586959248533,0.0,0.2885557169216161,1128.8482798632522,2272.7355271121296,7,1
2020-07-22,8147.456979799999,157311.79301979998,124306.7180775454,3863.8658090126282,0.0,0.20980674308441977,996.1158997829252,2123.9619333850824,7,2
2020-07-23,8509.2237706,156133.2177162,123995.23053352856,3460.2452044216466,0.0,0.20583696187628675,657.0509452302886,1637.0026957047048,7,3
2020-07-24,9104.5747466,166406.413382,134459.82891769515,3821.6950904552837,0.0,0.19197928622479676,627.1457911422567,1506.7393259468818,7,4
2020-07-25,8298.2391088,163013.55838539999,133296.81019741806,3872.08951251173,0.0,0.1822961751299545,788.1367915760802,1851.4803317770356,7,5
2020-07-26,8630.6997044,164072.69386579999,132975.99053762038,3492.900501035845,0.0,0.18953003449565192,1662.1562392819415,2763.148996408845,7,6
2020-07-27,9161.5612466,173595.1893442,128002.84041792079,3790.808803726841,0.0,0.2626360160008806,1697.1271660723014,3250.2743420662628,7,0
2020-07-28,8848.714135,167788.0758238,107774.97522902534,1986.0505778061465,0.0,0.3576720234744004,1274.2794113999144,3016.693918720437,7,1
2020-07-29,8642.1368066,162636.84560939998,120021.24536647477,2914.27176833054,0.0,0.262029185841896,1004.8684127294591,1902.7823522025938,7,2
2020-07-30,8358.4912792,161191.63826859999,123958.80666380744,3629.9453177935256,0.0,0.23098488237181403,1329.376059762555,2098.2194207926905,7,3
2020-07-31,8254.834093,158926.6304794,93184.58102174028,1882.0292490265301,0.0,0.41366289123068756,804.8544289326483,1694.2682720901994,7,4
2020-08-01,7822.2708041999995,152204.3930558,106268.61470814057,2470.5775361570763,0.0,0.301803235934319,680.9098966338242,1637.785446101414,8,5
2020-08-02,7458.9369252,146104.982617,88431.20935221502,1047.038313863823,0.0,0.394742001482394,1664.6411349523914,2812.1284566808004,8,6
2020-08-03,8031.841282400001,152471.97675159998,125113.78123563902,3854.010237951876,0.0,0.17943097544102574,658.5710424028202,1527.1832709456212,8,0
2020-08-04,7808.415099399999,147966.9279188,106013.43608737743,3051.2394870345233,0.0,0.283532897665115,1860.5340420126577,2343.7491333008156,8,1
2020-08-05,8291.5498556,150658.6096912,111601.47261100555,2586.8782085133525,0.0,0.2592426490610034,670.8749698087895,1730.1961155799709,8,2
2020-08-06,7868.9796888,148965.020969,116262.66491861365,3335.6932131061185,0.0,0.21953043632432198,1129.600313205954,2280.7214470722247,8,3
2020-08-07,7152.473634599999,139214.0512728,100807.78119695316,3219.148504540863,0.0,0.27587926451897427,1328.7386873369069,2223.1588956185706,8,4
2020-08-08,7211.180722,136887.1446006,101627.17572616102,2485.2760839946054,0.0,0.25758422368527095,865.0552379184537,1911.0456034204317,8,5
2020-08-09,7518.682202599999,138316.5416878,107582.28285226037,2413.1059168802076,0.0,0.22220233719341537,824.560126119397,2147.450748218962,8,6
2020-08-10,8376.951760599999,152887.4834558,113917.15417027431,3421.816353151396,0.0,0.2548954852592107,1648.1686047352214,3392.9380145016585,8,0
2020-08-11,8852.5965806,157802.5713642,82891.88835244453,1162.8920754102264,0.0,0.4747114217731318,1235.9607675560414,2544.8156918323916,8,1
2020-08-12,9001.4720024,160311.18066379998,110819.59817204883,2078.5029418445197,0.0,0.30872196366355437,854.0043523793938,2218.2044092089063,8,2
2020-08-13,9037.298187600001,163810.2783534,120733.59882139094,2954.6884388882363,0.0,0.26296689050901045,1602.3467923391618,3191.181034150315,8,3
2020-08-14,8721.230409,160277.86349299998,102952.7682619787,1737.347649614264,0.0,0.35766071484678186,1416.6954755278912,3009.3717227475654,8,4
2020-08-15,7589.220814,143752.646894,101396.93096223599,1969.9462683377346,0.0,0.294643033341822,848.633413361993,1733.040439806391,8,5
2020-08-16,7493.606658399999,141127.7702262,105904.16227005074,2332.2912099630285,0.0,0.2495866539922848,892.278236157038,1992.0003583168527,8,6
2020-08-17,8276.429119,152263.8684326,115843.56660120255,3205.5407499058933,0.0,0.23919201716275185,979.9198856196617,1980.7741921406368,8,0
2020-08-18,7852.5093342,147076.5889496,96171.18525329484,1756.0156928868696,0.0,0.3461149327698193,1127.7151125889186,2813.914431964892,8,1
2020-08-19,7913.791150399999,147559.9088006,98001.52656484881,2228.035953891268,0.0,0.3358526217491785,1403.807201698659,2340.772554121165,8,2
2020-08-20,7792.607617399999,144557.1699402,92026.53418356384,978.4605078070954,0.0,0.36339003992930197,1368.6438108942143,2023.2734535081872,8,3
2020-08-21,7895.794303799999,142782.7649172,111401.42954183617,2876.6374157315145,0.0,0.21978377707955102,884.3104038532365,1954.5200668849002,8,4
2020-08-22,7719.429652,142224.8784388,110894.71122788405,2633.9078714452876,0.0,0.22028612402293213,1004.7727254203946,1837.1366220418713,8,5
2020-08-23,7727.565967799999,141939.248588,111205.82631689361,2509.668825258487,0.0,0.2165251864923899,898.7495079052424,2198.025879538056,8,6
2020-08-24,8771.3533648,155910.7741218,108977.25274678283,3192.835616050332,0.0,0.3010280825002635,1347.9194420375698,2850.0648148656396,8,0
2020-08-25,8884.488419000001,158741.1097138,76153.33358941015,900.4596448457069,0.0,0.520267095733993,1732.213431512272,2510.9096569490493,8,1
2020-08-26,9282.4891918,165956.97725619999,111007.69824605214,2420.9327039283326,0.0,0.33110556674769154,1592.8561174647002,4170.709876146981,8,2
2020-08-27,8226.3701684,153939.38438,98698.77905548198,1549.2618618897009,0.0,0.35884647419504007,876.8477496400574,2284.500968409093,8,3
2020-08-28,7819.7064864,146391.3619378,106649.69941679215,2422.9382079252537,0.0,0.27147546135880357,794.6861104759264,1848.3479600693454,8,4
2020-08-29,7347.4741812,137662.9280176,103337.56640813324,2213.6505547151473,0.0,0.24934353862557915,967.366276477389,2222.454505960024,8,5
2020-08-30,7601.6845416,136948.77645419998,106578.6097988075,2357.3330506069346,0.0,0.22176296453111607,922.9448136957262,2045.3461319551516,8,6
2020-08-31,8791.179563400001,151266.201347,109851.02346873886,2630.133637142315,0.0,0.273790030485766,1449.800423917518,3099.5121019935114,8,0
2020-09-01,8277.4500936,150824.42346,59282.65614741218,378.66514529351844,0.0,0.6069425973099478,1023.7393980579577,1800.2294945321564,9,1
2020-09-02,8282.6743892,154855.0260406,90563.25875752555,902.8715600113446,0.0,0.4151739141241588,1210.3503608140118,2466.3745885030853,9,2
2020-09-03,8300.3235076,154161.1976332,115408.30759456674,3049.1618819236614,0.0,0.25137901517111383,736.6248343749667,1853.0701403739076,9,3
2020-09-04,8206.6835908,153591.259513,106988.84965494147,2351.822570859082,0.0,0.3034183716301518,1037.0887653808168,2321.0645101828495,9,4
2020-09-05,7809.224512000001,145325.5335748,111215.42465164154,2551.5626578471015,0.0,0.23471518104285347,1011.3879461959305,1722.6703711717819,9,5
2020-09-06,7382.8788256,139480.7765172,106078.82082844229,2428.0561793318234,0.0,0.23947354268305762,868.9757984770677,1941.6674988869308,9,6
2020-09-07,7677.364449399999,143593.9932416,109314.13934358722,2083.92879289573,0.0,0.23872763145695228,1100.902364434699,2722.7878150209735,9,0
2020-09-08,8345.8908546,155768.8982702,117598.42317885491,2701.2205409808034,0.0,0.2450455483426081,1072.7711181042632,2250.0240251634577,9,1
2020-09-09,8127.9519206,153102.0712992,116665.32501981602,3034.131584702994,0.0,0.2379898976557763,1700.0318747357596,3052.083287471003,9,2
2020-09-10,7036.7223014,137830.3076144,95945.7650983532,2190.6764679958005,0.0,0.3038848511694888,1067.5239896812755,2036.1425029738766,9,3
2020-09-11,7031.574723199999,134032.8408552,94791.36654036278,2270.81093326433,0.0,0.29277506963559063,1500.8855613294822,3029.9775625820957,9,4
2020-09-12,6211.859984799999,123913.6569646,54852.60754006107,141.5604105235616,0.0,0.5573320255108642,1288.967654413625,1867.9452387199217,9,5
2020-09-13,6473.0018282,121483.558919,84199.70695026212,1336.761232133506,0.0,0.3069045087294252,1111.8768023108269,2529.7125002562525,9,6
2020-09-14,7501.7598352,137594.3091104,108271.97921713302,2710.7294861353016,0.0,0.21310714144245566,969.8179343535166,2236.4835573699493,9,0
2020-09-15,7616.9001894,140786.8549176,105163.58434180472,2987.1666796126838,0.0,0.25302980591934476,1576.2733707817779,2861.0001915464027,9,1
2020-09-16,7390.4014172,138786.20532059998,75037.72061629505,1343.530331545097,0.0,0.45932868152886064,1461.581776494911,2015.4737877562789,9,2
2020-09-17,6730.2839734,132803.26282119998,62300.1901782322,630.7512770888707,0.0,0.5308835878369177,1937.0588671650603,3048.153979716989,9,3
2020-09-18,5996.5408182,120825.5704628,77888.12556397518,1957.0720898577447,0.0,0.3553672019454233,908.6486487924512,1847.3258165761627,9,4
2020-09-19,5292.1210916,106644.4989758,35024.88320414725,-1025.1313357194422,3988.422241704292,0.6715734656684432,1274.0886621678183,2720.2084026024427,9,5
2020-09-20,5555.2709872,106136.34882858,61715.805114303854,-497.74575652734075,832.6547329557197,0.41852338246550597,1237.9495441980737,2758.0283551485722,9,6
2020-09-21,6257.3807984,117995.39446144,81579.756899516,1818.580072016157,0.0,0.30861914338380686,1206.6968493129739,2024.3795726354815,9,0
2020-09-22,6502.1453794,120943.10851399999,57491.58505805737,-560.6886114501704,694.0065423931901,0.5246394295264677,1202.8429580229258,2270.729293081684,9,1
2020-09-23,5887.9324368,117753.6052424,40089.09036279368,78.07661711293122,0.0,0.6595510576489878,2316.2415144142146,3836.7395742341555,9,2
2020-09-24,5783.5081006,113043.15836406,17644.707585554814,-1506.154584096571,6013.877709902041,0.8439117604204818,1569.8735333908648,2456.445479598599,9,3
2020-09-25,5410.0714413999995,110628.9633945,61578.258947474475,286.8017804207193,0.0,0.4433803132739479,1162.8643343630129,2772.4387413606087,9,4
2020-09-26,5072.874842,103203.33844852,71916.22036743576,1245.5566619755928,0.0,0.30315994183357653,1184.2591430210714,2823.5071251653217,9,5
2020-09-27,5402.9357528,103694.90478508,72711.82121344161,1025.298449121095,0.0,0.29879080014446713,1285.3822625831272,2723.6495628970456,9,6
2020-09-28,6435.8683712,120326.07011648,91455.62083760629,1889.9842416456781,0.0,0.23993511340415308,1184.2230530665593,2410.1702023822013,9,0
2020-09-29,6754.796383999999,125434.93888199999,96665.03020012613,2286.0078404426863,0.0,0.22936120460774087,979.0404100176729,2418.558709685326,9,1
2020-09-30,6862.4693872,126620.383907,100475.94726345895,2579.834269591117,0.0,0.20647889255132557,1096.6074469351997,2222.589989421402,9,2
2020-10-01,6683.9911268,125560.9464668,98513.06211932025,2586.0123004561833,0.0,0.21541637832932048,1041.1765540888282,2119.2606877515814,10,3
2020-10-02,6525.832830599999,123226.77288419999,94570.99738454094,2223.324815874766,0.0,0.23254504543901167,1162.1219818464524,2098.1548423929657,10,4
2020-10-03,5852.8613686,115043.5086538,71777.57780346507,1143.683828548697,0.0,0.3760831997964781,1084.735975779166,2279.8082352974116,10,5
2020-10-04,5620.4164961999995,112750.72786264,86560.5748732921,1951.316682607394,0.0,0.23228367111966125,638.8475545605779,1408.4131187584762,10,6
2020-10-05,6390.358662,125556.40238839999,99158.17314044801,2430.1191267787503,0.0,0.2102499653206923,1197.1668670206382,1943.7950788958474,10,0
2020-10-06,6314.938494399999,123875.79502779999,86737.98314545579,2353.9052286190677,0.0,0.29979877726726034,1111.7440069024778,2314.333455762856,10,1
2020-10-07,6139.2819664,121956.3686186,72363.0977233979,247.69594701117512,0.0,0.406647651590033,1155.5772738717747,2386.009323997593,10,2
2020-10-08,5591.5710782,115878.8872286,79215.27563225754,1708.160344075835,0.0,0.3163959585149825,1392.7272844246536,2363.328299907327,10,3
2020-10-09,5424.532846,110578.80941578,59904.22501159638,909.9973840560415,0.0,0.45826668483692473,1267.7169827589669,2079.053891001356,10,4
2020-10-10,4876.972602,98907.02249013999,50141.254007478,-407.66585190081696,793.9256249025648,0.4930465729824537,1465.11385772139,2781.483996309922,10,5
2020-10-11,5060.8337716,98786.1977837,66358.89050272627,672.9130343471588,0.0,0.32825746924662313,1512.2165194306572,2729.39216414163,10,6
2020-10-12,5317.790609799999,108072.31874737999,34838.72755881384,-499.89799099189986,1173.1763573657918,0.677635050652983,2042.2622221313204,3674.7792357921426,10,0
2020-10-13,5334.6507556,108525.03351772,70649.3944353607,1355.495666295577,0.0,0.3490037077590485,1333.0498307503967,2346.952031748854,10,1
2020-10-14,5407.6028972,107966.90524414,81052.98124287558,1579.950325179736,0.0,0.24927938742344566,1457.608371733735,2595.317245067897,10,2
2020-10-15,5434.38495,108352.21226131999,80917.77744575404,1570.943291261448,0.0,0.2531968129030958,1472.7713867155812,2641.5978392417655,10,3
2020-10-16,5151.111268000001,106625.66715712,84490.36570458191,2001.5582206453114,0.0,0.20759824573871358,900.3063445615039,1926.401544766837,10,4
2020-10-17,4567.0221018,96097.54763993999,74864.6009076456,1411.4581202739823,0.0,0.2209520144244511,1107.444682432832,2421.193656708861,10,5
2020-10-18,4703.1711768000005,92873.1725279,-8780.672210380842,-2417.0117004132258,18770.97674530348,1.0945447643423944,1973.7818823228722,3663.9385195167956,10,6
2020-10-19,5107.5747986,103302.31565418,34159.544108291215,-821.2608593149353,4121.730530916635,0.6693245074713967,1474.939209176538,2932.5234564252637,10,0
2020-10-20,4967.0889822,102413.40079682,59448.318022981104,432.73509894004474,0.0,0.41952598429065147,1636.8935759761039,2887.1217492436717,10,1
2020-10-21,5007.8082274,101724.91368828,39284.80994770932,-95.18549931146481,145.90732408582153,0.6138132879808438,1385.5758503332613,3144.6189515380142,10,2
2020-10-22,5064.864426,102585.35529092001,-11834.70011498046,-2414.3507797727625,18007.491150032278,1.1153644209879532,1527.3328119081348,2762.3694202405445,10,3
2020-10-23,5128.3085156,104459.02843798,51687.919628586766,-370.09012022025536,553.8326870468895,0.5051847561527417,1255.9964737591854,2330.430147370519,10,4
2020-10-24,4763.7040369999995,96668.52435631999,65326.68898253934,991.7431897433617,0.0,0.32421965249262225,1594.3516661545655,2784.6236267659874,10,5
2020-10-25,4863.3853382,94814.8866037,59575.15996722387,627.5550387719763,0.0,0.37166871046071526,1553.3802953301602,2850.4130621026056,10,6
2020-10-26,5396.6388424,107593.4366648,72471.60976398578,1167.5602607403202,0.0,0.3264309421608483,1447.336779599982,2612.865170833636,10,0
2020-10-27,5171.0542158,106214.6898654,22676.564565458797,-1241.3058680962258,5396.198390021129,0.7865025582224496,1549.4120638083346,2716.127693225555,10,1
2020-10-28,5112.3464918,105009.90858588,30322.749182737654,-896.5895478209868,2471.2014226157894,0.7112391621792635,1653.8719635729503,2964.693677517201,10,2
2020-10-29,4944.6041978,102100.31452038001,54853.963576356204,-33.843738417202985,48.211849357845495,0.4627444211701529,1684.2975464953597,3276.146415858432,10,3
2020-10-30,4940.0751702,101456.47749002,49615.99149608427,-203.58190081766224,212.06809415978205,0.5109628017495003,1557.8540356265821,3109.345308752107,10,4
2020-10-31,4726.798727,95550.32643652,42669.63940564475,-637.0146094525408,1426.2177179969003,0.553432824387127,1463.2081382809997,2853.584363877052,10,5
2020-11-01,4687.8416232,92047.84963424,-7598.895619436469,-3160.1006687570907,22159.87751131485,1.082553754918027,1482.1702910623048,3091.2943102475388,11,6
2020-11-02,5073.792417,101940.63372698,59322.66792428042,359.8000558566673,0.0,0.4180665181740983,1381.5440501055277,3181.099988503705,11,0
2020-11-03,4924.0509114,101296.9613895,70059.0312131256,1387.678958803323,0.0,0.30837973565920185,1229.6547372211126,2658.1485186272225,11,1
2020-11-04,5026.6835286,101763.89060742,59854.436530371655,632.1922098733303,0.0,0.4118303047072432,1246.8601955542395,2750.5655940496795,11,2
2020-11-05,5034.4261725999995,101726.57048194,47636.63930461307,499.764358982809,0.0,0.5317188117231355,1406.9072961998895,2248.3096866317064,11,3
2020-11-06,4949.8117568,101695.51124766,9076.262300193486,-1385.8683106021963,6628.341798274292,0.9107506104365807,1687.1119486602297,3515.623877279685,11,4
2020-11-07,4753.2008524,95176.26665986,-7303.51442714179,-2687.8767625911673,18811.643301413136,1.0767367189684274,2592.9324921871394,3519.9533859859434,11,5
2020-11-08,4775.1413546,93166.73681814,-8794.338853552053,-3226.1198650563747,25657.788732745415,1.0943935481041744,2009.3342640943965,4591.534771049148,11,6
2020-11-09,5333.145826399999,104308.44870592,-12843.801171847315,-2058.928285538218,18230.034779017882,1.1231328941345704,1157.7796550283442,2269.0491501957204,11,0
2020-11-10,5423.5049874,107077.59034912,-6663.577697349861,-2082.0789447813822,14114.804415602186,1.0622313004581414,980.1005069856196,1979.2386580490684,11,1
2020-11-11,5358.6700988,106217.1422494,49699.4029796113,-172.74190562267722,172.74190562267722,0.5320962141598943,1167.9447132050432,2581.9355039351835,11,2
2020-11-12,5149.614484399999,103907.25711254,47130.05558828944,-384.4696275637443,384.4696275637443,0.5464219064387027,1331.4246438845498,2709.46638920042,11,3
2020-11-13,4926.689858,99925.0566438,13731.446575083251,-975.6721492808001,6058.657441798001,0.8625825489993831,1548.310732488169,2253.035921765407,11,4
2020-11-14,4609.1418438,94316.70927614,2984.302851009477,-1283.280972701531,6417.201624211219,0.9683587046885611,1046.200967995289,2211.0908903823984,11,5
2020-11-15,4624.5344411999995,91214.94412655999,-23135.132740903864,-3456.89568729069,30999.743832612803,1.2536331405170194,1612.9852066983944,3992.7644486835125,11,6
2020-11-16,4978.3880856,100737.7628072,-7315.253097702254,-2774.662730495211,17766.97155804529,1.0726167912990363,2083.648106429966,3914.100035013384,11,0
2020-11-17,4993.7578886,101163.5906409,24976.38604435726,-894.4937001858143,4070.394762605467,0.7531089408143307,1556.4235267158451,3380.3000009741486,11,1
2020-11-18,5181.552653,105803.4581299,-6716.3420635237435,-2303.259529304576,16531.512498957018,1.0634794191252026,1676.242503268595,3250.9713571653847,11,2
2020-11-19,4990.4982125999995,102034.1449816,45535.1712545576,-1069.133501568488,2970.2529940165155,0.5537261446864769,2118.7637597066887,2877.0844602089965,11,3
2020-11-20,4910.9083896,101513.7703591,73959.6005200349,1330.9281072089088,0.0,0.2714328286851484,1501.2956834973843,2853.4348011936604,11,4
2020-11-21,4773.4857672,96636.3736951,62445.53763791073,1312.9280335535523,0.0,0.35380917919235755,1296.2590853101824,2716.553865875288,11,5
2020-11-22,4818.8769462,95261.6231392,7423.910894670373,-1370.8122376218953,5653.914444583555,0.9220681881115728,1242.5468754475328,2306.6148251499358,11,6
2020-11-23,5183.1928808,103901.58527444,51398.374770772854,-677.3786671999737,1578.6567832779833,0.5053167414624908,1340.9782384201799,2717.4555172601695,11,0
2020-11-24,5117.128862,103350.47619312,13758.373581336476,-1471.6690727369578,8625.300606038718,0.8668765342152108,2321.143572892908,4068.4941439977056,11,1
2020-11-25,4962.1275938,101748.23102932,11472.711532422716,-1591.1434888367476,6214.230899557742,0.8872441179924129,1854.2147533487823,2739.961228090596,11,2
2020-11-26,4237.1353462,91087.85955178,-27153.519661266404,-3030.650377190023,28197.108945176784,1.298102511079763,1385.266361956522,2713.4075113939252,11,3
2020-11-27,4560.183317,93011.8513524,-10891.201598972002,-2788.4245226609637,20729.39541881518,1.1170947727694163,1586.5634305767721,3573.7164019419474,11,4
2020-11-28,4525.311106599999,92970.6942083,14629.965737621014,-1961.9166232187063,12203.410541917898,0.8426389534658877,1791.9361980522563,3811.0534014963146,11,5
2020-11-29,4650.6480568,92832.5122026,12086.08269151333,-1355.6235990412497,7724.265707244248,0.8698076524619266,1592.867283775302,2683.7159651679067,11,6
2020-11-30,5091.7319344,101778.89779182,22714.655151202413,-862.3997918290088,6098.096279731037,0.7768235297884313,1877.4026422578054,4623.255808884183,11,0
2020-12-01,5020.9728256,102470.7423494,55717.686365098874,-153.00582684683104,244.19091554114857,0.4562576098539886,1880.4808872691005,3669.438838423235,12,1
2020-12-02,5476.834061199999,108588.8170315,79236.63866504916,1312.6272242404784,0.0,0.2703057199521403,1544.694097420389,3291.3367569627226,12,2
2020-12-03,5365.563246,111278.22340619999,30659.99552736684,-2531.6783715973534,10035.24308998494,0.7244744336414471,1669.357300183391,3515.9689192116666,12,3
2020-12-04,5026.0360918,107562.03022439999,45354.28987448648,-276.66813292316147,1006.2227695021011,0.5783429358867006,1613.4081060419903,3638.9431601067254,12,4
2020-12-05,4767.2022834,101130.2112846,75937.4594476844,1074.2723474253744,0.0,0.24911202613844344,1501.8762755768134,3016.57980139924,12,5
2020-12-06,4890.4217144,99424.5045098,63219.99386868742,15.070210598714766,0.0,0.36414071983173923,1585.8524849497921,3310.4446308585966,12,6
2020-12-07,5213.1704844000005,107407.9633833,49691.99072853409,178.6942804657965,0.0,0.5373528259613171,1745.1119798842105,2988.3687640600574,12,0
2020-12-08,5128.218502,106287.7442217,70817.55602825247,1095.0135410962002,0.0,0.33371851527361546,1417.7602639697839,2958.9391606762238,12,1
2020-12-09,5113.354965199999,105633.0292266,81994.49494981667,1343.1528046414423,0.0,0.22377976329803856,1508.4684184926741,2893.294842109956,12,2
2020-12-10,5092.1555208,104642.92105209999,49952.05938156403,19.117441588631664,0.0,0.5226427274837472,1607.8871913741714,2857.8055431493513,12,3
2020-12-11,5000.2975554,103068.6469494,31923.22872157343,-768.0956360653317,2845.494001968961,0.6902721664984537,1521.982121913175,2902.747293440158,12,4
2020-12-12,4724.1631484,97287.5554959,24491.71726980676,-2015.576190170078,10329.175384484639,0.7482543667073749,2239.6942333541933,4723.22796058812,12,5
2020-12-13,4908.5929208,96681.7331678,7919.699892639961,-1710.9678707645849,7292.872257533409,0.9180848374025877,1478.2123454297625,3376.4770048464216,12,6
2020-12-14,5249.6272318,105733.3299388,-751.7437025936824,-2254.5163044222863,11556.521248164427,1.0071098082603547,1554.5285443251746,3087.487274371931,12,0
2020-12-15,5344.1214462,107703.1973166,6177.704318562841,-2124.2397126165197,15129.07373217068,0.9426414027393902,2361.344500322941,4747.715997836994,12,1
2020-12-16,5264.059106,107013.860688,-12253.908368920238,-2594.3268822362397,18501.056279872417,1.1145076748949991,1490.2544324770306,3055.4734271413654,12,2
2020-12-17,5209.9664202,106397.8383555,28785.95624361436,-354.6847506178301,1113.0558042820376,0.7294498019082515,1645.932091194597,3457.864580339529,12,3
2020-12-18,5064.647277,104527.8556256,2430.96368586708,-2339.4383630586826,16558.70469350263,0.9767433889146797,2083.573838938041,3239.310995115198,12,4
2020-12-19,4850.5816512,99473.3075919,64231.02022162997,190.01113633391333,0.0,0.35428888636995287,1366.1578296766038,3048.264125881283,12,5
2020-12-20,5009.347914,99366.38440139999,74048.8148960363,852.6985809678845,0.0,0.25479008477445403,1432.262962152467,3166.045354879095,12,6
2020-12-21,5583.3799176,110555.97117199999,85051.31787237084,1512.6928418929356,0.0,0.23069448921894686,1576.7336091213829,3361.506511409146,12,0
2020-12-22,5494.148379799999,111984.4728516,86176.29662895655,1420.1780392361284,0.0,0.2304620950160119,1623.4690686432755,3361.191064152241,12,1
2020-12-23,5511.1130068,113628.693787,76068.5089166853,1445.1045987986563,0.0,0.3305519373541534,1400.8059444173032,2869.0506611234755,12,2
2020-12-24,5482.4894017999995,113574.459992,37233.57662476483,-1236.0199664567945,4699.779409020412,0.6721659374177302,1909.1654021934582,4625.278778762612,12,3
2020-12-25,5219.847774,110258.4908308,78211.44689870274,1489.9259606271066,0.0,0.29065375093221507,1508.461162353315,3022.7167852970474,12,4
2020-12-26,4828.7762118,102497.6431056,23283.93535208755,-1692.1089694855182,9209.546000081082,0.7728344316356731,2087.3193992294623,3347.0497188879785,12,5
2020-12-27,4600.2164886,98915.2999262,39334.98273653131,195.10249449990988,0.0,0.6023367187292679,1345.9002718599186,3021.3375473214396,12,6
2020-12-28,4383.2574666,95128.5119249,22037.885757304448,-2196.940209755871,10363.644378650415,0.7683356407939772,1840.791939385686,4629.628675908171,12,0
2020-12-29,5006.2911106,102597.1591426,73651.26333608672,1596.2333784477487,0.0,0.2821315526512904,1388.3934861162525,2631.6753748305596,12,1
2020-12-30,5072.6702098000005,103596.4433534,15327.469693387966,-1346.6060026585392,5716.677653669609,0.8520463715042692,1360.7293632584233,2589.9926840632784,12,2
2020-12-31,5231.7216196,106438.4618802,51341.68079882487,-422.43110824163887,451.9698590325079,0.5176397714520562,1456.9523737683571,2855.2621237796434,12,3
